{
  "images": [
    {
      "size": "20x20",
      "idiom": "iphone",
      "filename": "AppIcon-20x20@2x.png",
      "scale": "2x"
    },
    {
      "size": "20x20",
      "idiom": "iphone",
      "filename": "AppIcon-20x20@3x.png",
      "scale": "3x"
    },
    {
      "size": "29x29",
      "idiom": "iphone",
      "filename": "AppIcon-29x29@2x.png",
      "scale": "2x"
    },
    {
      "size": "29x29",
      "idiom": "iphone",
      "filename": "AppIcon-29x29@3x.png",
      "scale": "3x"
    },
    {
      "size": "40x40",
      "idiom": "iphone",
      "filename": "AppIcon-40x40@2x.png",
      "scale": "2x"
    },
    {
      "size": "40x40",
      "idiom": "iphone",
      "filename": "AppIcon-40x40@3x.png",
      "scale": "3x"
    },
    {
      "size": "60x60",
      "idiom": "iphone",
      "filename": "AppIcon-60x60@2x.png",
      "scale": "2x"
    },
    {
      "size": "60x60",
      "idiom": "iphone",
      "filename": "AppIcon-60x60@3x.png",
      "scale": "3x"
    },
    {
      "size": "1024x1024",
      "idiom": "iphone",
      "filename": "AppIcon-1024x1024@1x.png",
      "scale": "1x"
    }
  ],
  "info": {
    "version": 1,
    "author": "xcode"
  }
}